<code_scheme name="Geoffrey" version="173">
  <option name="LINE_SEPARATOR" value="&#10;" />
  <option name="RIGHT_MARGIN" value="150" />
  <option name="SOFT_MARGINS" value="120,150" />
  <CssCodeStyleSettings>
    <option name="KEEP_SINGLE_LINE_BLOCKS" value="true" />
  </CssCodeStyleSettings>
  <HTMLCodeStyleSettings>
    <option name="HTML_ENFORCE_QUOTES" value="true" />
  </HTMLCodeStyleSettings>
  <JSCodeStyleSettings version="0">
    <option name="USE_SEMICOLON_AFTER_STATEMENT" value="false" />
    <option name="SPACE_WITHIN_ARRAY_INITIALIZER_BRACKETS" value="true" />
    <option name="USE_DOUBLE_QUOTES" value="false" />
    <option name="ENFORCE_TRAILING_COMMA" value="WhenMultiline" />
    <option name="SPACES_WITHIN_OBJECT_LITERAL_BRACES" value="true" />
    <option name="SPACES_WITHIN_IMPORTS" value="true" />
    <option name="IMPORT_SORT_MODULE_NAME" value="true" />
  </JSCodeStyleSettings>
  <LessCodeStyleSettings>
    <option name="KEEP_SINGLE_LINE_BLOCKS" value="true" />
  </LessCodeStyleSettings>
  <ScssCodeStyleSettings>
    <option name="KEEP_SINGLE_LINE_BLOCKS" value="true" />
  </ScssCodeStyleSettings>
  <TypeScriptCodeStyleSettings version="0">
    <option name="SPACE_WITHIN_ARRAY_INITIALIZER_BRACKETS" value="true" />
    <option name="ENFORCE_TRAILING_COMMA" value="WhenMultiline" />
    <option name="SPACES_WITHIN_OBJECT_LITERAL_BRACES" value="true" />
    <option name="SPACES_WITHIN_IMPORTS" value="true" />
    <option name="IMPORT_SORT_MODULE_NAME" value="true" />
  </TypeScriptCodeStyleSettings>
  <XML>
    <option name="XML_KEEP_WHITESPACES" value="true" />
  </XML>
  <codeStyleSettings language="CSS">
    <option name="BLOCK_COMMENT_ADD_SPACE" value="true" />
    <indentOptions>
      <option name="INDENT_SIZE" value="2" />
      <option name="CONTINUATION_INDENT_SIZE" value="2" />
      <option name="TAB_SIZE" value="2" />
    </indentOptions>
  </codeStyleSettings>
  <codeStyleSettings language="EditorConfig">
    <option name="SPACE_BEFORE_COLON" value="true" />
    <option name="SPACE_AFTER_COLON" value="true" />
  </codeStyleSettings>
  <codeStyleSettings language="HTML">
    <option name="LINE_COMMENT_AT_FIRST_COLUMN" value="false" />
    <option name="BLOCK_COMMENT_AT_FIRST_COLUMN" value="false" />
    <option name="BLOCK_COMMENT_ADD_SPACE" value="true" />
    <indentOptions>
      <option name="INDENT_SIZE" value="2" />
      <option name="CONTINUATION_INDENT_SIZE" value="2" />
      <option name="TAB_SIZE" value="2" />
    </indentOptions>
  </codeStyleSettings>
  <codeStyleSettings language="JSON">
    <indentOptions>
      <option name="CONTINUATION_INDENT_SIZE" value="2" />
      <option name="TAB_SIZE" value="2" />
    </indentOptions>
  </codeStyleSettings>
  <codeStyleSettings language="JavaScript">
    <option name="BLOCK_COMMENT_AT_FIRST_COLUMN" value="false" />
    <option name="BLOCK_COMMENT_ADD_SPACE" value="true" />
    <option name="KEEP_FIRST_COLUMN_COMMENT" value="false" />
    <option name="ALIGN_MULTILINE_PARAMETERS" value="false" />
    <indentOptions>
      <option name="INDENT_SIZE" value="2" />
      <option name="CONTINUATION_INDENT_SIZE" value="2" />
      <option name="TAB_SIZE" value="2" />
    </indentOptions>
  </codeStyleSettings>
  <codeStyleSettings language="LESS">
    <option name="LINE_COMMENT_ADD_SPACE" value="true" />
    <option name="BLOCK_COMMENT_ADD_SPACE" value="true" />
    <indentOptions>
      <option name="CONTINUATION_INDENT_SIZE" value="2" />
      <option name="TAB_SIZE" value="2" />
    </indentOptions>
  </codeStyleSettings>
  <codeStyleSettings language="SASS">
    <option name="LINE_COMMENT_ADD_SPACE" value="true" />
    <indentOptions>
      <option name="CONTINUATION_INDENT_SIZE" value="2" />
      <option name="TAB_SIZE" value="2" />
    </indentOptions>
  </codeStyleSettings>
  <codeStyleSettings language="SCSS">
    <option name="LINE_COMMENT_ADD_SPACE" value="true" />
    <option name="BLOCK_COMMENT_ADD_SPACE" value="true" />
    <indentOptions>
      <option name="CONTINUATION_INDENT_SIZE" value="2" />
      <option name="TAB_SIZE" value="2" />
    </indentOptions>
  </codeStyleSettings>
  <codeStyleSettings language="Twig">
    <indentOptions>
      <option name="INDENT_SIZE" value="2" />
      <option name="CONTINUATION_INDENT_SIZE" value="2" />
      <option name="TAB_SIZE" value="2" />
    </indentOptions>
  </codeStyleSettings>
  <codeStyleSettings language="TypeScript">
    <option name="BLOCK_COMMENT_AT_FIRST_COLUMN" value="false" />
    <option name="BLOCK_COMMENT_ADD_SPACE" value="true" />
    <option name="KEEP_FIRST_COLUMN_COMMENT" value="false" />
    <option name="ALIGN_MULTILINE_PARAMETERS" value="false" />
    <indentOptions>
      <option name="INDENT_SIZE" value="2" />
      <option name="CONTINUATION_INDENT_SIZE" value="2" />
      <option name="TAB_SIZE" value="2" />
    </indentOptions>
  </codeStyleSettings>
  <codeStyleSettings language="Vue">
    <indentOptions>
      <option name="CONTINUATION_INDENT_SIZE" value="2" />
    </indentOptions>
  </codeStyleSettings>
  <codeStyleSettings language="XML">
    <option name="LINE_COMMENT_AT_FIRST_COLUMN" value="false" />
    <option name="BLOCK_COMMENT_AT_FIRST_COLUMN" value="false" />
    <option name="BLOCK_COMMENT_ADD_SPACE" value="true" />
    <indentOptions>
      <option name="INDENT_SIZE" value="2" />
      <option name="CONTINUATION_INDENT_SIZE" value="2" />
      <option name="TAB_SIZE" value="2" />
    </indentOptions>
  </codeStyleSettings>
</code_scheme>