<profile version="1.0" is_locked="false">
  <option name="myName" value="Geoffrey" />
  <inspection_tool class="AssignmentToForLoopParameterJS" enabled="true" level="WARNING" enabled_by_default="true" />
  <inspection_tool class="BlockStatementJS" enabled="true" level="WARNING" enabled_by_default="true" />
  <inspection_tool class="ChainedEqualityJS" enabled="true" level="WARNING" enabled_by_default="true" />
  <inspection_tool class="DefaultNotLastCaseInSwitchJS" enabled="true" level="WARNING" enabled_by_default="true" />
  <inspection_tool class="DivideByZeroJS" enabled="true" level="WARNING" enabled_by_default="true" />
  <inspection_tool class="DuplicateConditionJS" enabled="true" level="WARNING" enabled_by_default="true" />
  <inspection_tool class="ES6ConvertVarToLetConst" enabled="true" level="WARNING" enabled_by_default="true">
    <option name="myConservativeOption" value="false" />
  </inspection_tool>
  <inspection_tool class="EmptyFinallyBlockJS" enabled="true" level="WARNING" enabled_by_default="true" />
  <inspection_tool class="EmptyTryBlockJS" enabled="true" level="WARNING" enabled_by_default="true" />
  <inspection_tool class="Eslint" enabled="true" level="ERROR" enabled_by_default="true" />
  <inspection_tool class="FunctionWithInconsistentReturnsJS" enabled="true" level="WARNING" enabled_by_default="true" />
  <inspection_tool class="HtmlNonExistentInternetResource" enabled="true" level="WARNING" enabled_by_default="true" />
  <inspection_tool class="HtmlRequiredAltAttribute" enabled="true" level="WEAK WARNING" enabled_by_default="true" editorAttributes="INFO_ATTRIBUTES" />
  <inspection_tool class="HtmlUnknownAttribute" enabled="true" level="WARNING" enabled_by_default="true">
    <option name="myValues">
      <value>
        <list size="3">
          <item index="0" class="java.lang.String" itemvalue="slot-scope" />
          <item index="1" class="java.lang.String" itemvalue="v-observer" />
          <item index="2" class="java.lang.String" itemvalue="v-popup:popup-user" />
        </list>
      </value>
    </option>
    <option name="myCustomValuesEnabled" value="true" />
  </inspection_tool>
  <inspection_tool class="HtmlUnknownTag" enabled="true" level="WARNING" enabled_by_default="true">
    <option name="myValues">
      <value>
        <list size="17">
          <item index="0" class="java.lang.String" itemvalue="nobr" />
          <item index="1" class="java.lang.String" itemvalue="noembed" />
          <item index="2" class="java.lang.String" itemvalue="comment" />
          <item index="3" class="java.lang.String" itemvalue="noscript" />
          <item index="4" class="java.lang.String" itemvalue="embed" />
          <item index="5" class="java.lang.String" itemvalue="transition" />
          <item index="6" class="java.lang.String" itemvalue="transition-group" />
          <item index="7" class="java.lang.String" itemvalue="keep-alive" />
          <item index="8" class="java.lang.String" itemvalue="router-link" />
          <item index="9" class="java.lang.String" itemvalue="router-view" />
          <item index="10" class="java.lang.String" itemvalue="no-ssr" />
          <item index="11" class="java.lang.String" itemvalue="popup" />
          <item index="12" class="java.lang.String" itemvalue="xllink" />
          <item index="13" class="java.lang.String" itemvalue="td-radio" />
          <item index="14" class="java.lang.String" itemvalue="td-checkbox" />
          <item index="15" class="java.lang.String" itemvalue="td-dialog" />
          <item index="16" class="java.lang.String" itemvalue="slot" />
        </list>
      </value>
    </option>
    <option name="myCustomValuesEnabled" value="true" />
  </inspection_tool>
  <inspection_tool class="JSEqualityComparisonWithCoercion" enabled="true" level="WARNING" enabled_by_default="true" editorAttributes="WARNING_ATTRIBUTES" />
  <inspection_tool class="JSEqualityComparisonWithCoercion.TS" enabled="true" level="WARNING" enabled_by_default="true" />
  <inspection_tool class="JSUnfilteredForInLoop" enabled="true" level="WARNING" enabled_by_default="true" />
  <inspection_tool class="LabeledStatementJS" enabled="true" level="WARNING" enabled_by_default="true" />
  <inspection_tool class="MagicNumberJS" enabled="true" level="WEAK WARNING" enabled_by_default="true" editorAttributes="INFO_ATTRIBUTES" />
  <inspection_tool class="NestedSwitchStatementJS" enabled="true" level="WARNING" enabled_by_default="true" />
  <inspection_tool class="NonBlockStatementBodyJS" enabled="true" level="WARNING" enabled_by_default="true" />
  <inspection_tool class="ReassignedToPlainText" enabled="false" level="WARNING" enabled_by_default="false" />
  <inspection_tool class="Stylelint" enabled="true" level="ERROR" enabled_by_default="true" />
  <inspection_tool class="TailRecursionJS" enabled="true" level="WARNING" enabled_by_default="true" />
  <inspection_tool class="TextLabelInSwitchStatementJS" enabled="true" level="WARNING" enabled_by_default="true" />
  <inspection_tool class="TsLint" enabled="true" level="WARNING" enabled_by_default="true" />
  <inspection_tool class="UnusedCatchParameterJS" enabled="true" level="WEAK WARNING" enabled_by_default="true" editorAttributes="INFO_ATTRIBUTES">
    <option name="m_ignoreCatchBlocksWithComments" value="false" />
  </inspection_tool>
  <inspection_tool class="VoidExpressionJS" enabled="true" level="WARNING" enabled_by_default="true" />
</profile>