<application>
  <component name="AdvancedSettings">
    <option name="settings">
      <map>
        <entry key="documentation.components.enable.inline.code.highlighting" value="SEMANTIC_HIGHLIGHTING" />
        <entry key="editor.paste.line.copied.from.empty.selection" value="AT_CARET" />
        <entry key="ide.always.show.tool.window.header.icons" value="true" />
        <entry key="ide.max.recent.projects" value="30" />
        <entry key="ide.open.readme.md.on.startup" value="false" />
        <entry key="ide.ui.native.file.chooser" value="true" />
        <entry key="ide.usages.page.size" value="125" />
        <entry key="show.diff.as.editor.tab" value="false" />
        <entry key="terminal.escape.moves.focus.to.editor" value="false" />
      </map>
    </option>
  </component>
</application>