<application>
  <component name="AdvancedSettings">
    <option name="settings">
      <map>
        <entry key="editor.paste.line.copied.from.empty.selection" value="AT_CARET" />
        <entry key="ide.always.show.tool.window.header.icons" value="true" />
        <entry key="ide.open.readme.md.on.startup" value="false" />
        <entry key="show.diff.as.editor.tab" value="false" />
        <entry key="terminal.escape.moves.focus.to.editor" value="false" />
      </map>
    </option>
  </component>
</application>