<application>
  <component name="XDebuggerSettings">
    <data-views />
    <general>
      <option name="hideDebuggerOnProcessTermination" value="true" />
      <scroll-to-center>true</scroll-to-center>
    </general>
    <debuggers>
      <debugger id="javascript">
        <configuration alwaysDoSmartStepInto="false" doNotStepIntoLibraryCode="false">
          <custom-object-presentation />
          <stepping-filters-enabled>false</stepping-filters-enabled>
        </configuration>
      </debugger>
    </debuggers>
  </component>
</application>