<application>
  <component name="CodeFoldingSettings">
    <option name="COLLAPSE_IMPORTS" value="false" />
    <option name="COLLAPSE_DOC_COMMENTS" value="true" />
  </component>
  <component name="CodeInsightSettings">
    <option name="PARAMETER_INFO_DELAY" value="500" />
    <option name="AUTO_POPUP_JAVADOC_INFO" value="true" />
    <option name="REFORMAT_ON_PASTE" value="4" />
    <option name="HIGHLIGHT_SCOPE" value="true" />
  </component>
  <component name="CodeVisionSettings">
    <option name="codeVisionGroupToPosition">
      <map>
        <entry key="component.usage" value="Default" />
        <entry key="inheritors" value="Default" />
        <entry key="llm" value="Default" />
        <entry key="references" value="Default" />
        <entry key="rename" value="Default" />
        <entry key="vcs.code.vision" value="Default" />
      </map>
    </option>
    <option name="defaultPosition" value="Right" />
    <option name="disabledCodeVisionProviderIds">
      <set>
        <option value="references" />
        <option value="vcs.code.vision" />
      </set>
    </option>
  </component>
  <component name="DaemonCodeAnalyzerSettings" profile="Geoffrey">
    <option name="AUTOREPARSE_DELAY" value="0" />
    <option name="SHOW_METHOD_SEPARATORS" value="true" />
  </component>
  <component name="DeclarativeInlayHintsSettings">
    <option name="enabledOptions">
      <map>
        <entry key="js.type.hints#function.returns" value="true" />
        <entry key="js.type.hints#non.paren.single.param" value="true" />
        <entry key="js.type.hints#parameters.in.parens" value="true" />
        <entry key="js.type.hints#variables.and.fields" value="true" />
        <entry key="ts.type.hints#function.returns" value="true" />
        <entry key="ts.type.hints#non.paren.single.param" value="true" />
        <entry key="ts.type.hints#parameters.in.parens" value="true" />
        <entry key="ts.type.hints#variables.and.fields" value="true" />
      </map>
    </option>
    <option name="providerIdToEnabled">
      <map>
        <entry key="js.chain.hints" value="true" />
        <entry key="js.type.hints" value="true" />
        <entry key="ts.chain.hints" value="true" />
        <entry key="ts.enum.hints" value="true" />
        <entry key="ts.type.hints" value="true" />
      </map>
    </option>
  </component>
  <component name="EditorSettings">
    <option name="languageBreadcrumbsMap">
      <map>
        <entry key="CSS" value="true" />
        <entry key="HTML" value="true" />
        <entry key="JSON" value="true" />
        <entry key="JavaScript" value="true" />
        <entry key="LESS" value="true" />
        <entry key="SASS" value="true" />
        <entry key="SCSS" value="true" />
        <entry key="TypeScript" value="true" />
        <entry key="XHTML" value="true" />
        <entry key="XML" value="true" />
        <entry key="yaml" value="true" />
      </map>
    </option>
    <option name="USE_SOFT_WRAPS" value="MAIN_EDITOR:CONSOLE:PREVIEW" />
    <option name="SOFT_WRAP_FILE_MASKS" value="*.md; *.txt; *.rst; *.adoc;" />
    <option name="STRIP_TRAILING_SPACES" value="Whole" />
    <option name="IS_ENSURE_NEWLINE_AT_EOF" value="true" />
    <option name="REMOVE_TRAILING_BLANK_LINES" value="true" />
    <option name="SHOW_INTENTION_BULB" value="false" />
    <option name="CARET_BLINKING_PERIOD" value="400" />
    <option name="IS_FOLDING_ENDINGS_SHOWN" value="true" />
    <option name="IS_HIGHLIGHT_SELECTION_OCCURRENCES" value="true" />
    <option name="ADDITIONAL_PAGE_AT_BOTTOM" value="true" />
    <option name="IS_DND_ENABLED" value="false" />
    <option name="IS_WHEEL_FONTCHANGE_ENABLED" value="true" />
    <option name="IS_WHEEL_FONTCHANGE_PERSISTENT" value="true" />
    <option name="BIDI_TEXT_DIRECTION" value="LTR" />
  </component>
  <component name="InlayHintsSettings">
    <option name="lastViewedProviderKeyId" value=".references" />
    <settingsMapElement>
      <JavaScript.js.type.hints>
        <Settings>
          <option name="showForFunctions" value="true" />
          <option name="showForShorthandFunctions" value="true" />
          <option name="showForVariablesAndFields" value="true" />
        </Settings>
      </JavaScript.js.type.hints>
      <TypeScript.ts.type.hints>
        <Settings>
          <option name="showForFunctions" value="true" />
          <option name="showForShorthandFunctions" value="true" />
          <option name="showForVariablesAndFields" value="true" />
        </Settings>
      </TypeScript.ts.type.hints>
    </settingsMapElement>
  </component>
  <component name="InlineCompletionOnboarding">
    <option name="onboardingFinished" value="true" />
  </component>
  <component name="JsonEditorOptions">
    <option name="COLON_MOVE_OUTSIDE_QUOTES" value="true" />
    <option name="COMMA_MOVE_OUTSIDE_QUOTES" value="true" />
  </component>
  <component name="TodoConfiguration">
    <pattern pattern="\b(todo|fixme)\b.*" />
  </component>
  <component name="XmlEditorOptions">
    <option name="showCssInlineColorPreview" value="true" />
  </component>
  <component name="XmlFoldingSettings">
    <option name="COLLAPSE_HTML_STYLE_ATTRIBUTE" value="false" />
  </component>
</application>