<application>
  <component name="ExportableFileTemplateSettings">
    <default_templates>
      <template name="XSLT Stylesheet.xsl" reformat="true" live-template-enabled="false" enabled="false" />
    </default_templates>
    <includes_templates>
      <template name="Drupal Hook Implementation Doc Comment.php" reformat="true" live-template-enabled="false" enabled="false" />
      <template name="PHP Class Doc Comment.php" reformat="true" live-template-enabled="false" enabled="false" />
      <template name="PHP Field Doc Comment.php" reformat="true" live-template-enabled="false" enabled="false" />
      <template name="PHP File Header.php" reformat="true" live-template-enabled="false" enabled="false" />
      <template name="PHP Function Doc Comment.php" reformat="true" live-template-enabled="false" enabled="false" />
      <template name="PHP Interface Doc Comment.php" reformat="true" live-template-enabled="false" enabled="false" />
      <template name="PHP Trait Doc Comment.php" reformat="true" live-template-enabled="false" enabled="false" />
    </includes_templates>
  </component>
</application>