<application>
  <component name="FileTypeManager" version="19">
    <ignoreFiles list="*.pyc;*.pyo;*.rbc;*.yarb;*~;.DS_Store;.git;.hg;.mypy_cache;.nuxt;.pytest_cache;.ruff_cache;.svn;CVS;__pycache__;_svn;vssver.scc;vssver2.scc" />
    <extensionMap>
      <mapping pattern="rave22" type="AUTO_DETECTED" />
      <mapping pattern="logs" type="AUTO_DETECTED" />
      <mapping pattern="LICENSE" type="AUTO_DETECTED" />
      <mapping pattern="abc" type="AUTO_DETECTED" />
      <mapping pattern="esbuild" type="AUTO_DETECTED" />
      <mapping pattern="addHosts" type="AUTO_DETECTED" />
      <mapping pattern=".swp" type="PLAIN_TEXT" />
      <mapping pattern="0730.md" type="PLAIN_TEXT" />
      <mapping pattern="empty" type="PLAIN_TEXT" />
      <mapping pattern=".prettierignore" type="PLAIN_TEXT" />
      <mapping pattern=".stylelintignore" type="PLAIN_TEXT" />
      <mapping pattern="CNAME" type="PLAIN_TEXT" />
      <mapping pattern=".nojekyll" type="PLAIN_TEXT" />
      <mapping pattern=".eslintrc.js.back" type="PLAIN_TEXT" />
      <mapping pattern="a" type="PLAIN_TEXT" />
      <mapping pattern=".dockerignore" type="PLAIN_TEXT" />
      <mapping pattern="IndexPageScrollView" type="PLAIN_TEXT" />
      <mapping pattern=".npmrc" type="PLAIN_TEXT" />
      <mapping pattern=".gitkeep" type="PLAIN_TEXT" />
      <mapping pattern=".env.development" type="PLAIN_TEXT" />
      <mapping pattern="1" type="PLAIN_TEXT" />
      <mapping pattern="pc" type="PLAIN_TEXT" />
      <mapping pattern=".browserslistrc" type="PLAIN_TEXT" />
      <mapping pattern="background" type="PLAIN_TEXT" />
      <mapping pattern=".env.production" type="PLAIN_TEXT" />
      <mapping pattern=".eslintignore" type="PLAIN_TEXT" />
      <mapping ext="movie" type="PLAIN_TEXT" />
      <mapping ext="py" type="PLAIN_TEXT" />
      <mapping ext="bak" type="PLAIN_TEXT" />
      <mapping ext="text" type="PLAIN_TEXT" />
      <mapping ext="out" type="PLAIN_TEXT" />
      <mapping ext="default" type="PLAIN_TEXT" />
      <mapping ext="js_old" type="PLAIN_TEXT" />
      <mapping ext="plist" type="PLAIN_TEXT" />
      <mapping ext="drawio" type="PLAIN_TEXT" />
      <mapping ext="com" type="PLAIN_TEXT" />
      <mapping ext="md" type="PLAIN_TEXT" />
      <mapping ext="postcss" type="PLAIN_TEXT" />
      <mapping ext="xlog" type="PLAIN_TEXT" />
      <removed_mapping ext="bat" approved="true" type="PLAIN_TEXT" />
      <removed_mapping ext="cmd" approved="true" type="PLAIN_TEXT" />
      <removed_mapping ext="dockerfile" approved="true" type="textmate" />
      <removed_mapping ext="m" approved="true" type="PLAIN_TEXT" />
      <removed_mapping ext="makefile" approved="true" type="textmate" />
      <removed_mapping ext="md" approved="true" type="AUTO_DETECTED" />
      <removed_mapping ext="md" approved="true" type="Markdown" />
      <removed_mapping ext="postman_collection" approved="true" type="JSON" />
      <removed_mapping ext="postman_collection.json" approved="true" type="JSON" />
      <removed_mapping ext="postman_environment" approved="true" type="JSON" />
      <removed_mapping ext="postman_environment.json" approved="true" type="JSON" />
      <removed_mapping ext="snakefile" approved="true" type="textmate" />
      <removed_mapping pattern=".dockerignore" approved="true" type="DockerIgnore file" />
      <removed_mapping pattern="m" approved="true" type="PLAIN_TEXT" />
      <mapping ext="tars" type="Jce File" />
      <mapping pattern=".gitignore_global" type="Git file" />
      <mapping pattern=".gitignoreglobal" type="Git file" />
    </extensionMap>
  </component>
</application>