<application>
  <component name="FindSettings">
    <option name="customScope" value="所有位置" />
    <option name="defaultScopeName" value="所有位置" />
    <option name="fromCursor" value="false" />
    <option name="localCaseSensitive" value="true" />
    <option name="localWholeWordsOnly" value="true" />
    <option name="FIND_ORIGIN" value="entire_scope" />
    <option name="LOCAL_CASE_SENSITIVE_SEARCH" value="true" />
    <option name="LOCAL_WHOLE_WORDS_ONLY" value="true" />
    <option name="SEARCH_SCOPE" value="所有位置" />
    <mask>*.properties</mask>
    <mask>*.jsp</mask>
    <mask>*.xml</mask>
    <mask>*.java</mask>
    <mask>*.as</mask>
    <mask>*.mxml</mask>
    <mask>*.php</mask>
    <mask>*.tpl</mask>
    <mask>*.md</mask>
    <mask>*.html</mask>
    <mask>*.css</mask>
    <mask>*.scss</mask>
    <mask>*.vue</mask>
    <mask>*.js</mask>
    <mask>*.json</mask>
  </component>
</application>