<application>
  <component name="GraziConfig">
    <option name="enabledLanguages">
      <set>
        <option value="English (US)" />
        <option value="Chinese" />
      </set>
    </option>
    <option name="userEnabledRules">
      <set>
        <option value="LanguageTool.EN.EN_SPECIFIC_CASE" />
        <option value="LanguageTool.EN.UPPERCASE_SENTENCE_START" />
      </set>
    </option>
    <option name="detectionContext">
      <State>
        <option name="disabled">
          <set>
            <option value="CHINESE" />
          </set>
        </option>
      </State>
    </option>
  </component>
</application>