<application>
  <component name="NodeJsLocalInterpreterManager">
    <local-interpreter path="$USER_HOME$/.nvm/versions/node/v16.17.0/bin/node">
      <version-cache version="16.17.0" last-modified="1660632832000" />
    </local-interpreter>
    <local-interpreter path="$USER_HOME$/.nvm/versions/node/v14.17.0/bin/node">
      <version-cache version="14.17.0" last-modified="1620757815000" />
    </local-interpreter>
    <local-interpreter path="$USER_HOME$/github/Node.js-demo/demo2024/koa/node_modules/.bin/ts-node">
      <version-cache version="10.9.2" last-modified="1708571403595" />
    </local-interpreter>
  </component>
</application>