<application>
  <component name="NodeJsLocalInterpreterManager">
    <local-interpreter path="/usr/local/Cellar/node/17.8.0/bin/node">
      <version-cache version="17.8.0" last-modified="1648000458791" />
    </local-interpreter>
    <local-interpreter path="$USER_HOME$/.nvm/versions/node/v16.17.0/bin/node">
      <version-cache version="16.17.0" last-modified="1660632832000" />
    </local-interpreter>
    <local-interpreter path="/usr/local/bin/node">
      <version-cache version="16.17.0" last-modified="1660635143000" />
    </local-interpreter>
    <local-interpreter path="$USER_HOME$/.nvm/versions/node/v10.24.1/bin/node">
      <version-cache version="10.24.1" last-modified="1617717520000" />
    </local-interpreter>
  </component>
</application>