<application>
  <component name="NodeJsLocalInterpreterManager">
    <local-interpreter path="/usr/local/bin/node">
      <version-cache version="18.16.1" last-modified="1687289824000" />
    </local-interpreter>
    <local-interpreter path="/usr/local/Cellar/node/17.8.0/bin/node">
      <version-cache version="17.8.0" last-modified="1648000458791" />
    </local-interpreter>
    <local-interpreter path="$USER_HOME$/.nvm/versions/node/v14.21.3/bin/node">
      <version-cache version="14.21.3" last-modified="1689412667390" />
    </local-interpreter>
  </component>
</application>