<application>
  <component name="NodeJsLocalInterpreterManager">
    <local-interpreter path="$USER_HOME$/.nvm/versions/node/v18.16.0/bin/node">
      <version-cache version="18.16.0" last-modified="1681272004000" />
    </local-interpreter>
    <local-interpreter path="/usr/local/bin/node">
      <version-cache version="18.16.0" last-modified="1681274468000" />
    </local-interpreter>
    <local-interpreter path="/usr/local/Cellar/node/17.8.0/bin/node">
      <version-cache version="17.8.0" last-modified="1648000458791" />
    </local-interpreter>
    <local-interpreter path="$USER_HOME$/.nvm/versions/node/v16.20.0/bin/node">
      <version-cache version="16.20.0" last-modified="1680035449000" />
    </local-interpreter>
  </component>
</application>