<application>
  <component name="ProjectManager">
    <defaultProject>
      <component name="AutoImportSettings">
        <option name="autoReloadType" value="SELECTIVE" />
      </component>
      <component name="Encoding" defaultCharsetForPropertiesFiles="UTF-8" />
      <component name="InspectionProjectProfileManager">
        <profile version="1.0" is_locked="false">
          <option name="myName" value="Project Default" />
          <inspection_tool class="ChainedEqualityJS" enabled="true" level="WARNING" enabled_by_default="true" />
          <inspection_tool class="CheckEmptyScriptTag" enabled="false" level="WARNING" enabled_by_default="false" />
          <inspection_tool class="CssConvertColorToHexInspection" enabled="true" level="WARNING" enabled_by_default="true" />
          <inspection_tool class="CssConvertColorToRgbInspection" enabled="true" level="WARNING" enabled_by_default="true" />
          <inspection_tool class="CssMissingSemicolon" enabled="true" level="WARNING" enabled_by_default="true" />
          <inspection_tool class="DefaultNotLastCaseInSwitchJS" enabled="true" level="WARNING" enabled_by_default="true" />
          <inspection_tool class="DivideByZeroJS" enabled="true" level="WARNING" enabled_by_default="true" />
          <inspection_tool class="DuplicateConditionJS" enabled="true" level="WARNING" enabled_by_default="true" />
          <inspection_tool class="ES6ConvertVarToLetConst" enabled="true" level="WARNING" enabled_by_default="true">
            <option name="myConservativeOption" value="false" />
          </inspection_tool>
          <inspection_tool class="Eslint" enabled="true" level="ERROR" enabled_by_default="true" />
          <inspection_tool class="ForLoopThatDoesntUseLoopVariableJS" enabled="true" level="WARNING" enabled_by_default="true" />
          <inspection_tool class="FunctionWithInconsistentReturnsJS" enabled="true" level="WARNING" enabled_by_default="true" />
          <inspection_tool class="HtmlNonExistentInternetResource" enabled="true" level="WARNING" enabled_by_default="true" />
          <inspection_tool class="HtmlUnknownAttribute" enabled="true" level="WARNING" enabled_by_default="true">
            <option name="myValues">
              <value>
                <list size="3">
                  <item index="0" class="java.lang.String" itemvalue="slot-scope" />
                  <item index="1" class="java.lang.String" itemvalue="v-observer" />
                  <item index="2" class="java.lang.String" itemvalue="v-popup:popup-user" />
                </list>
              </value>
            </option>
            <option name="myCustomValuesEnabled" value="true" />
          </inspection_tool>
          <inspection_tool class="HtmlUnknownTag" enabled="true" level="WARNING" enabled_by_default="true">
            <option name="myValues">
              <value>
                <list size="17">
                  <item index="0" class="java.lang.String" itemvalue="nobr" />
                  <item index="1" class="java.lang.String" itemvalue="noembed" />
                  <item index="2" class="java.lang.String" itemvalue="comment" />
                  <item index="3" class="java.lang.String" itemvalue="noscript" />
                  <item index="4" class="java.lang.String" itemvalue="embed" />
                  <item index="5" class="java.lang.String" itemvalue="transition" />
                  <item index="6" class="java.lang.String" itemvalue="transition-group" />
                  <item index="7" class="java.lang.String" itemvalue="keep-alive" />
                  <item index="8" class="java.lang.String" itemvalue="router-link" />
                  <item index="9" class="java.lang.String" itemvalue="router-view" />
                  <item index="10" class="java.lang.String" itemvalue="no-ssr" />
                  <item index="11" class="java.lang.String" itemvalue="popup" />
                  <item index="12" class="java.lang.String" itemvalue="xllink" />
                  <item index="13" class="java.lang.String" itemvalue="td-radio" />
                  <item index="14" class="java.lang.String" itemvalue="td-checkbox" />
                  <item index="15" class="java.lang.String" itemvalue="td-dialog" />
                  <item index="16" class="java.lang.String" itemvalue="slot" />
                </list>
              </value>
            </option>
            <option name="myCustomValuesEnabled" value="true" />
          </inspection_tool>
          <inspection_tool class="LabeledStatementJS" enabled="true" level="WARNING" enabled_by_default="true" />
          <inspection_tool class="NestedSwitchStatementJS" enabled="true" level="WARNING" enabled_by_default="true" />
          <inspection_tool class="NonBlockStatementBodyJS" enabled="true" level="WARNING" enabled_by_default="true" />
          <inspection_tool class="ReassignedToPlainText" enabled="false" level="WARNING" enabled_by_default="false" />
          <inspection_tool class="Stylelint" enabled="true" level="ERROR" enabled_by_default="true" />
          <inspection_tool class="TailRecursionJS" enabled="true" level="WARNING" enabled_by_default="true" />
          <inspection_tool class="TsLint" enabled="true" level="WARNING" enabled_by_default="true" />
          <inspection_tool class="XmlUnboundNsPrefix" enabled="false" level="WARNING" enabled_by_default="false" />
        </profile>
        <option name="PROJECT_PROFILE" value="Geoffrey" />
        <option name="USE_PROJECT_PROFILE" value="false" />
        <version value="1.0" />
      </component>
      <component name="JavaScriptLibraryMappings">
        <includedPredefinedLibrary name="Node.js Core" />
      </component>
      <component name="JsBowerSettings">
        <bower-package value="" />
        <bower.json value="" />
      </component>
      <component name="PrettierConfiguration">
        <option name="myConfigurationMode" value="AUTOMATIC" />
        <option name="myFilesPattern" value="**/*.{js,jsx,vue,flow,ts,tsx,css,less,scss,html,json,yml,yaml,astro}" />
      </component>
      <component name="ProjectDictionaryState">
        <dictionary name="feijie.zheng" />
      </component>
      <component name="ProjectInspectionProfilesVisibleTreeState">
        <entry key="Project Default">
          <profile-state>
            <selected-state>
              <State>
                <id>用户定义</id>
              </State>
            </selected-state>
          </profile-state>
        </entry>
      </component>
      <component name="PropertiesComponent">{
  &quot;keyToString&quot;: {
    &quot;javascript.nodejs.core.library.configured.version&quot;: &quot;16.17.0&quot;,
    &quot;javascript.nodejs.core.library.typings.version&quot;: &quot;16.18.68&quot;,
    &quot;node.js.selected.package.eslint&quot;: &quot;(autodetect)&quot;,
    &quot;node.js.selected.package.standard&quot;: &quot;&quot;,
    &quot;node.js.selected.package.stylelint&quot;: &quot;&quot;,
    &quot;prettierjs.PrettierConfiguration.Package&quot;: &quot;/Users/feijie.zheng/.nvm/versions/node/v16.17.0/lib/node_modules/prettier&quot;,
    &quot;settings.editor.selected.configurable&quot;: &quot;preferences.pluginManager&quot;
  }
}</component>
      <component name="StylelintConfiguration">
        <file-patterns value="**/*.{css,less,scss,vue,html}" />
      </component>
      <component name="TypeScriptCompiler">
        <option name="typeScriptServiceDirectory" value="$USER_HOME$/.nvm/versions/node/v16.17.0/lib/node_modules/typescript" />
        <option name="versionType" value="SERVICE_DIRECTORY" />
      </component>
      <component name="VcsDirectoryMappings" defaultProject="true" />
      <component name="VcsManagerConfiguration">
        <option name="SHOW_DIRTY_RECURSIVELY" value="true" />
      </component>
      <component name="WindowStateProjectService">
        <state x="33" y="44" width="1406" height="1125" key="SettingsEditor" timestamp="1723386648272">
          <screen x="32" y="44" width="1768" height="1125" />
        </state>
        <state x="33" y="44" key="SettingsEditor/32.44.1768.1125" timestamp="1723386648272" />
        <state x="33" y="44" key="SettingsEditor/32.44.1768.1125/1800.114.1920.1055" timestamp="1721918591861" />
        <state x="44" y="44" width="1406" height="1125" key="SettingsEditor/43.44.1757.1125/1800.72.1920.1055" timestamp="1716358411832" />
      </component>
      <component name="masterDetails">
        <states>
          <state key="ScopeChooserConfigurable.UI">
            <settings>
              <splitter-proportions>
                <option name="proportions">
                  <list>
                    <option value="0.2" />
                  </list>
                </option>
              </splitter-proportions>
            </settings>
          </state>
        </states>
      </component>
    </defaultProject>
  </component>
</application>