<application>
  <component name="Trusted.Paths">
    <option name="TRUSTED_PROJECT_PATHS">
      <map>
        <entry key="$USER_HOME$/github/Node.js-demo" value="true" />
        <entry key="$USER_HOME$/github/React-demo" value="true" />
        <entry key="$USER_HOME$/github/chenghuijie.github.io" value="true" />
        <entry key="$USER_HOME$/github/fabric-demo" value="true" />
        <entry key="$USER_HOME$/github/k" value="true" />
        <entry key="$USER_HOME$/github/knowledge" value="true" />
        <entry key="$USER_HOME$/github/lerna-demo" value="true" />
        <entry key="$USER_HOME$/github/others/ant-design" value="true" />
        <entry key="$USER_HOME$/github/others/element" value="true" />
        <entry key="$USER_HOME$/github/others/examples" value="true" />
        <entry key="$USER_HOME$/github/prettier" value="true" />
        <entry key="$USER_HOME$/github/scaffolding-node" value="true" />
        <entry key="$USER_HOME$/github/vue-demo" value="true" />
        <entry key="$USER_HOME$/github/zfj-test1" value="true" />
        <entry key="$USER_HOME$/gulpNew" value="true" />
        <entry key="$USER_HOME$/www" value="true" />
        <entry key="$USER_HOME$/www/iluckyadmincommodityweb" value="true" />
        <entry key="$USER_HOME$/www/iluckyadmincrmweb" value="true" />
        <entry key="$USER_HOME$/www/iluckyadmindispatchweb" value="true" />
        <entry key="$USER_HOME$/www/iluckyadmindmweb" value="true" />
        <entry key="$USER_HOME$/www/iluckyadminehrweb" value="true" />
        <entry key="$USER_HOME$/www/iluckyadminevolutionweb" value="true" />
        <entry key="$USER_HOME$/www/iluckyadminficcweb" value="true" />
        <entry key="$USER_HOME$/www/iluckyadminfidataweb" value="true" />
        <entry key="$USER_HOME$/www/iluckyadminiotweb" value="true" />
        <entry key="$USER_HOME$/www/iluckyadminlib" value="true" />
        <entry key="$USER_HOME$/www/iluckyadminmapweb" value="true" />
        <entry key="$USER_HOME$/www/iluckyadminmarketingweb" value="true" />
        <entry key="$USER_HOME$/www/iluckyadminmasterfranchiseeweb" value="true" />
        <entry key="$USER_HOME$/www/iluckyadminmasterfranchiseeweb2" value="true" />
        <entry key="$USER_HOME$/www/iluckyadminoperationweb" value="true" />
        <entry key="$USER_HOME$/www/iluckyadminorderweb" value="true" />
        <entry key="$USER_HOME$/www/iluckyadminpurchaseweb" value="true" />
        <entry key="$USER_HOME$/www/iluckyadminrmsweb" value="true" />
        <entry key="$USER_HOME$/www/iluckyadminscmweb" value="true" />
        <entry key="$USER_HOME$/www/iluckyadmintechweb" value="true" />
        <entry key="$USER_HOME$/www/iluckyadminweb" value="true" />
        <entry key="$USER_HOME$/www/iluckyempmfwap" value="true" />
        <entry key="$USER_HOME$/www/iluckyempwap" value="true" />
        <entry key="$USER_HOME$/www/iluckyempwap2" value="true" />
        <entry key="$USER_HOME$/www/iluckyinwap" value="true" />
        <entry key="$USER_HOME$/www/iluckyladderweb" value="true" />
        <entry key="$USER_HOME$/www/iluckymasterfranchiseeweb" value="true" />
        <entry key="$USER_HOME$/www/iluckyopenportalweb" value="true" />
        <entry key="$USER_HOME$/www/iluckywap" value="true" />
        <entry key="$USER_HOME$/www/luckyunmannedwap-master" value="true" />
        <entry key="$USER_HOME$/www/myself/luckyunmannedwap" value="true" />
        <entry key="$USER_HOME$/www/myself/luckywap" value="true" />
      </map>
    </option>
  </component>
  <component name="Trusted.Paths.Settings">
    <option name="TRUSTED_PATHS">
      <list>
        <option value="$USER_HOME$/github" />
        <option value="$USER_HOME$/www" />
        <option value="$USER_HOME$" />
      </list>
    </option>
  </component>
</application>