<application>
  <component name="Trusted.Paths">
    <option name="TRUSTED_PROJECT_PATHS">
      <map>
        <entry key="$USER_HOME$/Documents/zmkj/code/eliancloud-yzgp-ui" value="true" />
        <entry key="$USER_HOME$/Documents/资料/工作后_20230820/档案资料/代码备份/[20230730]腾讯音乐/kg" value="true" />
        <entry key="$USER_HOME$/Documents/资料/工作后_20230820/档案资料/代码备份/[20230730]腾讯音乐/kg/library/hippy/polyfills/hippy-dynamic-import-polyfill" value="true" />
        <entry key="$USER_HOME$/Documents/资料/工作后_20230820/档案资料/代码备份/[20230730]腾讯音乐/我的/kg-lucky-manage" value="true" />
        <entry key="$USER_HOME$/Downloads/TheActEntrance" value="true" />
        <entry key="$USER_HOME$/github/Docker-demo" value="true" />
        <entry key="$USER_HOME$/github/Hippy" value="true" />
        <entry key="$USER_HOME$/github/Node.js-demo" value="true" />
        <entry key="$USER_HOME$/github/React-demo" value="true" />
        <entry key="$USER_HOME$/github/TypeScript-demo" value="true" />
        <entry key="$USER_HOME$/github/WebSocket-demo" value="true" />
        <entry key="$USER_HOME$/github/ant-design" value="true" />
        <entry key="$USER_HOME$/github/blog" value="true" />
        <entry key="$USER_HOME$/github/blog1" value="true" />
        <entry key="$USER_HOME$/github/chenghuijie.github.io" value="true" />
        <entry key="$USER_HOME$/github/echototoro.github.io" value="true" />
        <entry key="$USER_HOME$/github/express" value="true" />
        <entry key="$USER_HOME$/github/k" value="true" />
        <entry key="$USER_HOME$/github/k/knowledge" value="true" />
        <entry key="$USER_HOME$/github/k/knowledgePrivate" value="true" />
        <entry key="$USER_HOME$/github/knowledge" value="true" />
        <entry key="$USER_HOME$/github/lerna-demo" value="true" />
        <entry key="$USER_HOME$/github/nature_v2" value="true" />
        <entry key="$USER_HOME$/github/nuxt2-demo" value="true" />
        <entry key="$USER_HOME$/github/others/Hippy" value="true" />
        <entry key="$USER_HOME$/github/others/node" value="true" />
        <entry key="$USER_HOME$/github/others/webpack" value="true" />
        <entry key="$USER_HOME$/github/rust-demo" value="true" />
        <entry key="$USER_HOME$/github/scaffolding-node" value="true" />
        <entry key="$USER_HOME$/github/slidev-demo" value="true" />
        <entry key="$USER_HOME$/github/vue-demo" value="true" />
        <entry key="$USER_HOME$/github/webpack-demo" value="true" />
        <entry key="$USER_HOME$/gulp" value="true" />
        <entry key="$USER_HOME$/gulpNew" value="true" />
        <entry key="$USER_HOME$/www/iluckyadmindmweb" value="true" />
        <entry key="$USER_HOME$/www/iluckyadminficcweb" value="true" />
        <entry key="$USER_HOME$/www/iluckyadminfidataweb" value="true" />
        <entry key="$USER_HOME$/www/iluckyadminlib" value="true" />
        <entry key="$USER_HOME$/www/iluckyadminmasterfranchiseeweb" value="true" />
        <entry key="$USER_HOME$/www/iluckyadminoperationweb" value="true" />
        <entry key="$USER_HOME$/www/iluckyadminweb" value="true" />
        <entry key="$USER_HOME$/www/iluckymasterfranchiseeweb" value="true" />
        <entry key="$USER_HOME$/www/iluckyopenportalweb" value="true" />
        <entry key="$USER_HOME$/www/tencent/kg" value="true" />
        <entry key="$USER_HOME$/www/tencent/kg_jce" value="true" />
      </map>
    </option>
  </component>
  <component name="Trusted.Paths.Settings">
    <option name="TRUSTED_PATHS">
      <list>
        <option value="$USER_HOME$/github" />
        <option value="$USER_HOME$/Documents/zmkj/code" />
        <option value="$USER_HOME$/www/tencent" />
        <option value="$USER_HOME$/Downloads" />
        <option value="$USER_HOME$" />
      </list>
    </option>
  </component>
</application>