<application>
  <component name="UpdatesConfigurable">
    <ignoredBuildNumbers>
      <item value="143.1184" />
      <item value="171.4249.3" />
    </ignoredBuildNumbers>
    <option name="LAST_BUILD_CHECKED" value="WS-233.13135.92" />
    <option name="LAST_TIME_CHECKED" value="1703315550575" />
    <option name="OBSOLETE_CUSTOM_REPOSITORIES_CLEAN_NEEDED" value="false" />
    <option name="THIRD_PARTY_PLUGINS_ALLOWED" value="true" />
    <option name="WHATS_NEW_SHOWN_FOR" value="233" />
  </component>
</application>