<application>
  <component name="DimensionService">
    <location key="SettingsEditor.0.0.3360.2100@192dpi" x="0" y="46" />
    <location key="WELCOME_SCREEN.0.0.3360.2100@192dpi" x="1650" y="906" />
    <location key="find.popup.0.0.3360.2100@192dpi" x="766" y="212" />
    <location key="#com.intellij.ide.actions.ChooseComponentsToExportDialog.0.0.3360.2100@192dpi" x="1156" y="658" />
    <location key="DiffContextDialog.0.0.3360.2100@192dpi" x="74" y="130" />
    <location key="CommitChangelistDialog2.0.0.3360.2100@192dpi" x="306" y="172" />
    <location key="Vcs.Push.Dialog.0.0.3360.2100@192dpi" x="940" y="450" />
    <location key="search.everywhere.popup.0.0.3360.2100@192dpi" x="1612" y="498" />
    <location key="RollbackChangesDialog.0.0.3360.2100@192dpi" x="1972" y="524" />
    <location key="ProcessPopupWindow.0.0.3360.2100@192dpi" x="2502" y="1878" />
    <location key="#com.intellij.ide.scriptingContext.ui.PerFileMappingsDialogWrapper.0.0.3360.2100@192dpi" x="1160" y="646" />
    <location key="com.intellij.openapi.vcs.update.UpdateOrStatusOptionsDialogupdate.0.0.3360.2100@192dpi" x="1982" y="872" />
    <location key="MergeDialog.0.0.3360.2100@192dpi" x="138" y="144" />
    <location key="MultipleFileMergeDialog.0.0.3360.2100@192dpi" x="1752" y="432" />
    <location key="VCS.ChangeListViewerDialog.0.0.3360.2100@192dpi" x="1868" y="416" />
    <location key="#com.intellij.execution.impl.EditConfigurationsDialog.0.0.3360.2100@192dpi" x="1160" y="342" />
    <location key="#ESLint.0.0.3360.2100@192dpi" x="1490" y="388" />
    <location key="#com.intellij.fileTypes.FileTypeChooser.0.0.3360.2100@192dpi" x="2180" y="642" />
    <location key="#TODO.0.0.3360.2100@192dpi" x="772" y="404" />
    <location key="GridCell.Tab.3.left.0.0.3360.2100@192dpi" x="1082" y="822" />
    <location key="GridCell.Tab.3.center.0.0.3360.2100@192dpi" x="1082" y="822" />
    <location key="GridCell.Tab.3.right.0.0.3360.2100@192dpi" x="1082" y="822" />
    <location key="GridCell.Tab.3.bottom.0.0.3360.2100@192dpi" x="1082" y="822" />
    <location key="GridCell.Tab.-1.left.0.0.3360.2100@192dpi" x="0" y="1416" />
    <location key="GridCell.Tab.-1.center.0.0.3360.2100@192dpi" x="0" y="1416" />
    <location key="GridCell.Tab.-1.right.0.0.3360.2100@192dpi" x="0" y="1416" />
    <location key="GridCell.Tab.-1.bottom.0.0.3360.2100@192dpi" x="0" y="1416" />
    <location key="GridCell.Tab.2.left.0.0.3360.2100@192dpi" x="0" y="1416" />
    <location key="GridCell.Tab.2.center.0.0.3360.2100@192dpi" x="0" y="1416" />
    <location key="GridCell.Tab.2.right.0.0.3360.2100@192dpi" x="0" y="1416" />
    <location key="GridCell.Tab.2.bottom.0.0.3360.2100@192dpi" x="0" y="1416" />
    <location key="GridCell.Tab.5.left.0.0.3360.2100@192dpi" x="0" y="618" />
    <location key="GridCell.Tab.5.center.0.0.3360.2100@192dpi" x="0" y="618" />
    <location key="GridCell.Tab.5.right.0.0.3360.2100@192dpi" x="0" y="618" />
    <location key="GridCell.Tab.5.bottom.0.0.3360.2100@192dpi" x="0" y="618" />
    <location key="GridCell.Tab.4.left.0.0.3360.2100@192dpi" x="0" y="618" />
    <location key="GridCell.Tab.4.center.0.0.3360.2100@192dpi" x="0" y="618" />
    <location key="GridCell.Tab.4.right.0.0.3360.2100@192dpi" x="0" y="618" />
    <location key="GridCell.Tab.4.bottom.0.0.3360.2100@192dpi" x="0" y="618" />
    <location key="GridCell.Tab.1.left.0.0.3360.2100@192dpi" x="1082" y="822" />
    <location key="GridCell.Tab.1.center.0.0.3360.2100@192dpi" x="1082" y="822" />
    <location key="GridCell.Tab.1.right.0.0.3360.2100@192dpi" x="1082" y="822" />
    <location key="GridCell.Tab.1.bottom.0.0.3360.2100@192dpi" x="1082" y="822" />
    <location key="find.popup.0.0.4112.2658@192dpi" x="834" y="146" />
    <location key="find.popup.-2560.0.2560.1440" x="-1592" y="128" />
    <location key="find.popup.-4112.0.4112.2658@192dpi" x="-3278" y="148" />
    <location key="find.popup.0.0.1920.1080" x="352" y="50" />
    <location key="find.popup.2056.0.1920.1080" x="2543" y="177" />
    <size key="SettingsEditor.0.0.3360.2100@192dpi" width="3146" height="2054" />
    <size key="find.popup.0.0.3360.2100@192dpi" width="2398" height="1812" />
    <size key="DiffContextDialog.0.0.3360.2100@192dpi" width="3080" height="1686" />
    <size key="CommitChangelistDialog2.0.0.3360.2100@192dpi" width="2174" height="1600" />
    <size key="search.everywhere.popup.0.0.3360.2100@192dpi" width="1340" height="1352" />
    <size key="ProcessPopupWindow.0.0.3360.2100@192dpi" width="800" height="216" />
    <size key="MergeDialog.0.0.3360.2100@192dpi" width="3164" height="1686" />
    <size key="GridCell.Tab.0.left.0.0.3360.2100@192dpi" width="1382" height="490" />
    <size key="GridCell.Tab.0.center.0.0.3360.2100@192dpi" width="1382" height="490" />
    <size key="GridCell.Tab.0.right.0.0.3360.2100@192dpi" width="1382" height="490" />
    <size key="GridCell.Tab.0.bottom.0.0.3360.2100@192dpi" width="1382" height="490" />
    <size key="GridCell.Tab.1.left.0.0.3360.2100@192dpi" width="2264" height="600" />
    <size key="GridCell.Tab.1.center.0.0.3360.2100@192dpi" width="2264" height="600" />
    <size key="GridCell.Tab.1.right.0.0.3360.2100@192dpi" width="2264" height="600" />
    <size key="GridCell.Tab.1.bottom.0.0.3360.2100@192dpi" width="2264" height="600" />
    <size key="GridCell.Tab.2.left.0.0.3360.2100@192dpi" width="2264" height="600" />
    <size key="GridCell.Tab.2.center.0.0.3360.2100@192dpi" width="2264" height="600" />
    <size key="GridCell.Tab.2.right.0.0.3360.2100@192dpi" width="2264" height="600" />
    <size key="GridCell.Tab.2.bottom.0.0.3360.2100@192dpi" width="2264" height="600" />
    <size key="GridCell.Tab.3.left.0.0.3360.2100@192dpi" width="2264" height="600" />
    <size key="GridCell.Tab.3.center.0.0.3360.2100@192dpi" width="2264" height="600" />
    <size key="GridCell.Tab.3.right.0.0.3360.2100@192dpi" width="2264" height="600" />
    <size key="GridCell.Tab.3.bottom.0.0.3360.2100@192dpi" width="2264" height="600" />
    <size key="GridCell.Tab.-1.left.0.0.3360.2100@192dpi" width="2576" height="648" />
    <size key="GridCell.Tab.-1.center.0.0.3360.2100@192dpi" width="2576" height="648" />
    <size key="GridCell.Tab.-1.right.0.0.3360.2100@192dpi" width="2576" height="648" />
    <size key="GridCell.Tab.-1.bottom.0.0.3360.2100@192dpi" width="2576" height="648" />
    <size key="GridCell.Tab.4.left.0.0.3360.2100@192dpi" width="2636" height="760" />
    <size key="GridCell.Tab.4.center.0.0.3360.2100@192dpi" width="2636" height="760" />
    <size key="GridCell.Tab.4.right.0.0.3360.2100@192dpi" width="2636" height="760" />
    <size key="GridCell.Tab.4.bottom.0.0.3360.2100@192dpi" width="2636" height="760" />
    <size key="GridCell.Tab.5.left.0.0.3360.2100@192dpi" width="2578" height="704" />
    <size key="GridCell.Tab.5.center.0.0.3360.2100@192dpi" width="2578" height="704" />
    <size key="GridCell.Tab.5.right.0.0.3360.2100@192dpi" width="2578" height="704" />
    <size key="GridCell.Tab.5.bottom.0.0.3360.2100@192dpi" width="2578" height="704" />
    <size key="GridCell.Tab.6.left.0.0.3360.2100@192dpi" width="2578" height="704" />
    <size key="GridCell.Tab.6.center.0.0.3360.2100@192dpi" width="2578" height="704" />
    <size key="GridCell.Tab.6.right.0.0.3360.2100@192dpi" width="2578" height="704" />
    <size key="GridCell.Tab.6.bottom.0.0.3360.2100@192dpi" width="2578" height="704" />
    <size key="find.popup.0.0.4112.2658@192dpi" width="1382" height="988" />
    <size key="find.popup.-2560.0.2560.1440" width="1639" height="1144" />
    <size key="GridCell.Tab.0.left.0.0.4112.2658@192dpi" width="2422" height="970" />
    <size key="GridCell.Tab.0.center.0.0.4112.2658@192dpi" width="2422" height="970" />
    <size key="GridCell.Tab.0.right.0.0.4112.2658@192dpi" width="2422" height="970" />
    <size key="GridCell.Tab.0.bottom.0.0.4112.2658@192dpi" width="2422" height="970" />
    <size key="GridCell.Tab.1.left.0.0.4112.2658@192dpi" width="2422" height="970" />
    <size key="GridCell.Tab.1.center.0.0.4112.2658@192dpi" width="2422" height="970" />
    <size key="GridCell.Tab.1.right.0.0.4112.2658@192dpi" width="2422" height="970" />
    <size key="GridCell.Tab.1.bottom.0.0.4112.2658@192dpi" width="2422" height="970" />
    <size key="GridCell.Tab.2.left.0.0.4112.2658@192dpi" width="2422" height="970" />
    <size key="GridCell.Tab.2.center.0.0.4112.2658@192dpi" width="2422" height="970" />
    <size key="GridCell.Tab.2.right.0.0.4112.2658@192dpi" width="2422" height="970" />
    <size key="GridCell.Tab.2.bottom.0.0.4112.2658@192dpi" width="2422" height="970" />
    <size key="GridCell.Tab.3.left.0.0.4112.2658@192dpi" width="1908" height="828" />
    <size key="GridCell.Tab.3.center.0.0.4112.2658@192dpi" width="1908" height="828" />
    <size key="GridCell.Tab.3.right.0.0.4112.2658@192dpi" width="1908" height="828" />
    <size key="GridCell.Tab.3.bottom.0.0.4112.2658@192dpi" width="1908" height="828" />
    <size key="find.popup.-4112.0.4112.2658@192dpi" width="1374" height="956" />
    <size key="find.popup.0.0.1920.1080" width="687" height="478" />
    <size key="find.popup.2056.0.1920.1080" width="1024" height="843" />
  </component>
  <component name="WindowManager">
    <frame x="434" y="44" width="1400" height="1207" />
  </component>
  <component name="WindowStateApplicationService">
    <state x="1043" y="626" width="1505" height="922" key="WELCOME_SCREEN" timestamp="1741187280713">
      <screen x="32" y="44" width="2024" height="1285" />
    </state>
    <state x="1043" y="626" width="1505" height="922" key="WELCOME_SCREEN/32.44.2024.1285" timestamp="1741187280713" />
  </component>
</application>