<application>
  <component name="DimensionService">
    <location key="find.popup.0.0.3600.2338@192dpi" x="1156" y="88" />
    <location key="find.popup.0.0.3024.1964@192dpi" x="558" y="234" />
    <location key="find.popup.1800.0.1920.1080" x="2053" y="71" />
    <location key="find.popup.1800.47.1920.1080" x="1985" y="72" />
    <location key="find.popup.1800.89.1920.1080" x="2002" y="105" />
    <size key="find.popup.0.0.3600.2338@192dpi" width="2336" height="2114" />
    <size key="find.popup.0.0.3024.1964@192dpi" width="1730" height="1570" />
    <size key="find.popup.1800.0.1920.1080" width="1133" height="814" />
    <size key="find.popup.1800.47.1920.1080" width="1370" height="997" />
    <size key="GridCell.Tab.0.left.0.0.3600.2338@192dpi" width="3286" height="796" />
    <size key="GridCell.Tab.0.center.0.0.3600.2338@192dpi" width="3286" height="796" />
    <size key="GridCell.Tab.0.right.0.0.3600.2338@192dpi" width="3286" height="796" />
    <size key="GridCell.Tab.0.bottom.0.0.3600.2338@192dpi" width="3286" height="796" />
    <size key="GridCell.Tab.1.left.0.0.3600.2338@192dpi" width="3286" height="796" />
    <size key="GridCell.Tab.1.center.0.0.3600.2338@192dpi" width="3286" height="796" />
    <size key="GridCell.Tab.1.right.0.0.3600.2338@192dpi" width="3286" height="796" />
    <size key="GridCell.Tab.1.bottom.0.0.3600.2338@192dpi" width="3286" height="796" />
    <size key="GridCell.Tab.2.left.0.0.3600.2338@192dpi" width="3286" height="796" />
    <size key="GridCell.Tab.2.center.0.0.3600.2338@192dpi" width="3286" height="796" />
    <size key="GridCell.Tab.2.right.0.0.3600.2338@192dpi" width="3286" height="796" />
    <size key="GridCell.Tab.2.bottom.0.0.3600.2338@192dpi" width="3286" height="796" />
    <size key="GridCell.Tab.3.left.0.0.3600.2338@192dpi" width="3286" height="796" />
    <size key="GridCell.Tab.3.center.0.0.3600.2338@192dpi" width="3286" height="796" />
    <size key="GridCell.Tab.3.right.0.0.3600.2338@192dpi" width="3286" height="796" />
    <size key="GridCell.Tab.3.bottom.0.0.3600.2338@192dpi" width="3286" height="796" />
    <size key="GridCell.Tab.4.left.0.0.3600.2338@192dpi" width="2650" height="986" />
    <size key="GridCell.Tab.4.center.0.0.3600.2338@192dpi" width="2650" height="986" />
    <size key="GridCell.Tab.4.right.0.0.3600.2338@192dpi" width="2650" height="986" />
    <size key="GridCell.Tab.4.bottom.0.0.3600.2338@192dpi" width="2650" height="986" />
    <size key="find.popup.1800.89.1920.1080" width="1262" height="1064" />
  </component>
  <component name="WindowManager">
    <frame x="32" y="44" width="1554" height="1125" />
  </component>
  <component name="WindowStateApplicationService">
    <state x="2359" y="316" key="#com.intellij.openapi.updateSettings.impl.PluginUpdateInfoDialog" timestamp="1727056162027">
      <screen x="1800" y="114" width="1920" height="1055" />
    </state>
    <state x="2359" y="316" key="#com.intellij.openapi.updateSettings.impl.PluginUpdateInfoDialog/32.44.1768.1125/1800.114.1920.1055" timestamp="1727056162027" />
    <state width="821" height="94" key="ShowUsagesActions.dimensionServiceKey" timestamp="1727143784786">
      <screen x="32" y="44" width="1768" height="1125" />
    </state>
    <state width="385" height="94" key="ShowUsagesActions.dimensionServiceKey/32.44.1768.1125" timestamp="1720510290746" />
    <state width="821" height="94" key="ShowUsagesActions.dimensionServiceKey/32.44.1768.1125/1800.114.1920.1055" timestamp="1727143784786" />
    <state x="2759" y="616" width="979" height="907" key="WELCOME_SCREEN" timestamp="1728643813620">
      <screen x="1800" y="114" width="1920" height="1055" />
    </state>
    <state x="899" y="569" width="979" height="907" key="WELCOME_SCREEN/0.44.1800.1125/1800.114.1920.1055" timestamp="1723177340144" />
    <state x="915" y="569" width="979" height="907" key="WELCOME_SCREEN/32.44.1768.1125" timestamp="1728274054081" />
    <state x="2759" y="616" width="979" height="907" key="WELCOME_SCREEN/32.44.1768.1125/1800.114.1920.1055" timestamp="1728643813620" />
  </component>
</application>