<keymap version="1" name="MyMac" parent="Mac OS X">
  <action id="ChangesView.Rename">
    <keyboard-shortcut first-keystroke="shift f6" />
  </action>
  <action id="ClassNameCompletion" />
  <action id="CodeCompletion">
    <keyboard-shortcut first-keystroke="meta alt space" />
  </action>
  <action id="CommentByBlockComment">
    <keyboard-shortcut first-keystroke="shift meta slash" />
  </action>
  <action id="Console.Execute.Multiline" />
  <action id="ContextHelp" />
  <action id="CopyElement" />
  <action id="Diff.NextConflict">
    <keyboard-shortcut first-keystroke="f7" />
  </action>
  <action id="Diff.PreviousConflict">
    <keyboard-shortcut first-keystroke="f6" />
  </action>
  <action id="DirDiffMenu.SynchronizeDiff.All" />
  <action id="EditSource" />
  <action id="EditSourceInNewWindow" />
  <action id="EditorBackSpace">
    <keyboard-shortcut first-keystroke="back_space" />
  </action>
  <action id="EditorDelete">
    <keyboard-shortcut first-keystroke="delete" />
  </action>
  <action id="EditorDeleteLine">
    <keyboard-shortcut first-keystroke="meta y" />
    <keyboard-shortcut first-keystroke="meta back_space" />
  </action>
  <action id="EditorLineEnd">
    <keyboard-shortcut first-keystroke="ctrl e" />
    <keyboard-shortcut first-keystroke="meta right" />
  </action>
  <action id="EditorLineStart">
    <keyboard-shortcut first-keystroke="ctrl a" />
    <keyboard-shortcut first-keystroke="meta left" />
  </action>
  <action id="EditorSelectWord">
    <keyboard-shortcut first-keystroke="shift ctrl right" />
  </action>
  <action id="EditorSplitLine" />
  <action id="EditorTextEnd">
    <keyboard-shortcut first-keystroke="end" />
  </action>
  <action id="EditorTextStart">
    <keyboard-shortcut first-keystroke="home" />
  </action>
  <action id="EditorUnSelectWord">
    <keyboard-shortcut first-keystroke="shift ctrl left" />
  </action>
  <action id="ExternalJavaDoc" />
  <action id="FindInPath">
    <keyboard-shortcut first-keystroke="shift meta f" />
  </action>
  <action id="FindNext">
    <keyboard-shortcut first-keystroke="ctrl l" />
    <keyboard-shortcut first-keystroke="f1" />
    <keyboard-shortcut first-keystroke="meta g" />
  </action>
  <action id="FindPrevious">
    <keyboard-shortcut first-keystroke="shift ctrl l" />
    <keyboard-shortcut first-keystroke="shift f1" />
    <keyboard-shortcut first-keystroke="shift meta g" />
  </action>
  <action id="Git.Rename.Local.Branch">
    <keyboard-shortcut first-keystroke="shift f6" />
  </action>
  <action id="Git.Reword.Commit">
    <keyboard-shortcut first-keystroke="shift f6" />
  </action>
  <action id="GotoLine" />
  <action id="GotoTest" />
  <action id="Javascript.Linters.EsLint.Fix">
    <keyboard-shortcut first-keystroke="meta alt l" />
  </action>
  <action id="Move" />
  <action id="NextDiff">
    <keyboard-shortcut first-keystroke="f5" />
  </action>
  <action id="PreviousDiff">
    <keyboard-shortcut first-keystroke="f4" />
  </action>
  <action id="ReformatCode">
    <keyboard-shortcut first-keystroke="meta l" />
  </action>
  <action id="ReformatWithPrettierAction">
    <keyboard-shortcut first-keystroke="ctrl meta alt l" />
  </action>
  <action id="RenameElement">
    <keyboard-shortcut first-keystroke="shift f1" />
    <keyboard-shortcut first-keystroke="shift f6" />
  </action>
  <action id="ReopenClosedTab">
    <keyboard-shortcut first-keystroke="shift meta t" />
  </action>
  <action id="ReplaceInPath">
    <keyboard-shortcut first-keystroke="shift meta r" />
  </action>
  <action id="ServiceView.ShowServices" />
  <action id="ShelvedChanges.Rename">
    <keyboard-shortcut first-keystroke="shift f6" />
  </action>
  <action id="ShowIntentionActions">
    <keyboard-shortcut first-keystroke="alt enter" />
    <keyboard-shortcut first-keystroke="meta enter" />
  </action>
  <action id="ShowReformatFileDialog" />
  <action id="SmartTypeCompletion">
    <keyboard-shortcut first-keystroke="ctrl meta alt space" />
  </action>
  <action id="SwitchApply">
    <keyboard-shortcut first-keystroke="ctrl alt enter" />
  </action>
  <action id="SwitchDown">
    <keyboard-shortcut first-keystroke="ctrl alt down" />
  </action>
  <action id="SwitchLeft">
    <keyboard-shortcut first-keystroke="ctrl alt left" />
  </action>
  <action id="SwitchRight">
    <keyboard-shortcut first-keystroke="ctrl alt right" />
  </action>
  <action id="SwitchUp">
    <keyboard-shortcut first-keystroke="ctrl alt up" />
  </action>
  <action id="Terminal.SmartCommandExecution.Run" />
  <action id="ToggleBookmark">
    <keyboard-shortcut first-keystroke="f3" />
  </action>
  <action id="UML.ApplyCurrentLayout" />
  <action id="ViewSource" />
  <action id="copilot.cycleNextInlays">
    <keyboard-shortcut first-keystroke="alt close_bracket" />
    <keyboard-shortcut first-keystroke="ctrl close_bracket" />
  </action>
  <action id="copilot.cyclePrevInlays">
    <keyboard-shortcut first-keystroke="alt open_bracket" />
    <keyboard-shortcut first-keystroke="ctrl open_bracket" />
  </action>
</keymap>