<keymap version="1" name="MyWindows" parent="$default">
  <action id="ChangesView.Rename">
    <keyboard-shortcut first-keystroke="shift f6" />
  </action>
  <action id="ClassNameCompletion" />
  <action id="CodeCompletion">
    <keyboard-shortcut first-keystroke="ctrl alt space" />
  </action>
  <action id="CollapseSelection" />
  <action id="Console.SplitLine" />
  <action id="Console.TableResult.NavigateAction" />
  <action id="ContextHelp" />
  <action id="CopyElement" />
  <action id="Diff.NextConflict">
    <keyboard-shortcut first-keystroke="f7" />
  </action>
  <action id="Diff.PreviousConflict">
    <keyboard-shortcut first-keystroke="f6" />
  </action>
  <action id="DirDiffMenu.SynchronizeDiff.All" />
  <action id="Documentation.ViewExternal" />
  <action id="DomCollectionControl.Edit" />
  <action id="DomElementsTreeView.GotoDomElementDeclarationAction" />
  <action id="EditSource" />
  <action id="EditorBackSpace">
    <keyboard-shortcut first-keystroke="back_space" />
  </action>
  <action id="EditorDeleteLine">
    <keyboard-shortcut first-keystroke="ctrl y" />
    <keyboard-shortcut first-keystroke="ctrl back_space" />
  </action>
  <action id="EditorDeleteToWordStart" />
  <action id="EditorNextWordWithSelection" />
  <action id="EditorPreviousWordWithSelection" />
  <action id="EditorSelectWord">
    <keyboard-shortcut first-keystroke="shift ctrl right" />
  </action>
  <action id="EditorUnSelectWord">
    <keyboard-shortcut first-keystroke="shift ctrl left" />
  </action>
  <action id="ExternalJavaDoc" />
  <action id="FindNext">
    <keyboard-shortcut first-keystroke="f1" />
    <keyboard-shortcut first-keystroke="ctrl g" />
  </action>
  <action id="FindPrevious">
    <keyboard-shortcut first-keystroke="shift f1" />
    <keyboard-shortcut first-keystroke="shift ctrl g" />
  </action>
  <action id="Git.Rename.Local.Branch">
    <keyboard-shortcut first-keystroke="shift f6" />
  </action>
  <action id="GotoLine" />
  <action id="Javascript.Linters.EsLint.Fix">
    <keyboard-shortcut first-keystroke="ctrl alt l" />
  </action>
  <action id="Jdbc.OpenTableEditor" />
  <action id="Move" />
  <action id="NextDiff">
    <keyboard-shortcut first-keystroke="f5" />
  </action>
  <action id="PreviousDiff">
    <keyboard-shortcut first-keystroke="f4" />
  </action>
  <action id="QuickJavaDoc">
    <mouse-shortcut keystroke="alt button2" />
  </action>
  <action id="ReformatCode">
    <keyboard-shortcut first-keystroke="ctrl l" />
  </action>
  <action id="ReformatWithPrettierAction">
    <keyboard-shortcut first-keystroke="shift ctrl alt l" />
  </action>
  <action id="RemoteHostView.EditSource" />
  <action id="RenameElement">
    <keyboard-shortcut first-keystroke="shift f6" />
    <keyboard-shortcut first-keystroke="shift f1" />
  </action>
  <action id="RunDashboard.EditConfiguration" />
  <action id="ShelvedChanges.Rename">
    <keyboard-shortcut first-keystroke="shift f6" />
  </action>
  <action id="ShowReformatFileDialog" />
  <action id="SmartTypeCompletion">
    <keyboard-shortcut first-keystroke="shift ctrl alt space" />
  </action>
  <action id="SwitchApply">
    <keyboard-shortcut first-keystroke="shift alt enter" />
  </action>
  <action id="SwitchDown">
    <keyboard-shortcut first-keystroke="shift alt down" />
  </action>
  <action id="SwitchLeft">
    <keyboard-shortcut first-keystroke="shift alt left" />
  </action>
  <action id="SwitchRight">
    <keyboard-shortcut first-keystroke="shift alt right" />
  </action>
  <action id="SwitchUp">
    <keyboard-shortcut first-keystroke="shift alt up" />
  </action>
  <action id="Terminal.SmartCommandExecution.Run" />
  <action id="ToggleBookmark">
    <keyboard-shortcut first-keystroke="f3" />
  </action>
  <action id="UML.ApplyCurrentLayout" />
  <action id="Vcs.Log.FocusTextFilter" />
  <action id="ViewSource" />
</keymap>